name,hard_hitter,sr,rbw
SIR Dunkley,0.9230769230769231,176.9230769230769,1.1
L Wolvaardt,1.2307692307692308,130.76923076923077,0.1
S Ecclestone,0.6153846153846154,146.15384615384613,1.0
DB Sharma,0.8,120.0,0.5
H Deol,0.5714285714285714,57.14285714285714,0.0
D Hemalatha,1.2727272727272727,172.72727272727272,0.625
A Gardner,1.0769230769230769,153.84615384615387,0.6
GM Harris,1.2682926829268293,175.609756097561,0.6666666666666666
S Verma,0.4444444444444444,88.88888888888889,0.5
Ashwani Kumari,0.0,100.0,1.0
KJ Garth,0.0,100.0,1.0
DP Vaidya,0.5,87.5,0.42857142857142855
AJ Healy,1.5,150.0,0.0
KP Navgire,1.0,100.0,0.0
TM McGrath,1.1578947368421053,150.0,0.48148148148148145
Simran Shaikh,0.0,50.0,0.5
