name,hard_hitter,sr,rbw
H Deol,1.1428571428571428,142.85714285714286,0.4
D Hemalatha,0.8,100.0,0.25
G Wareham,0.32,88.0,0.6086956521739131
KJ Garth,0.32432432432432434,86.48648648648648,0.5882352941176471
TP Kanwar,0.21052631578947367,68.42105263157895,0.5
M Joshi,2.0,250.0,1.0
MM Lanning,0.8,140.0,0.75
Shafali Verma,2.5,271.42857142857144,0.46153846153846156
